ERR9855094	ERP015409
ERR9855099	ERP015409
ERR2592244	ERP015409
ERR2592262	ERP015409
ERR2592263	ERP015409
ERR2592264	ERP015409
ERR2592268	ERP015409
ERR2592270	ERP015409
ERR2592274	ERP015409
ERR2592275	ERP015409
ERR2592280	ERP015409
ERR2592329	ERP015409
ERR2592331	ERP015409
ERR2592333	ERP015409
ERR2592335	ERP015409
ERR2592343	ERP015409
ERR1713345	ERP015409
ERR1713348	ERP015409
ERR1713358	ERP015409
ERR1713363	ERP015409
ERR1713377	ERP015409
ERR1713383	ERP015409
ERR1713391	ERP015409
ERR1713398	ERP015409
ERR1713400	ERP015409
ERR1713403	ERP015409
ERR1713411	ERP015409
ERR1725938	ERP015409
ERR1725945	ERP015409
ERR1725956	ERP015409
ERR1725962	ERP015409
ERR1725963	ERP015409
ERR1725978	ERP015409
ERR1725983	ERP015409
ERR1725991	ERP015409
ERR1725992	ERP015409
ERR1726000	ERP015409
ERR1726016	ERP015409
ERR1726019	ERP015409
ERR1726024	ERP015409
ERR1726029	ERP015409
ERR1726033	ERP015409
ERR9855092	ERP015409
ERR2592257	ERP015409
ERR2592258	ERP015409
ERR2592260	ERP015409
ERR2592269	ERP015409
ERR2592271	ERP015409
ERR2592278	ERP015409
ERR2592279	ERP015409
ERR2592334	ERP015409
ERR2592336	ERP015409
ERR2592339	ERP015409
ERR2592340	ERP015409
ERR1713343	ERP015409
ERR1713346	ERP015409
ERR1713347	ERP015409
ERR1713349	ERP015409
ERR1713354	ERP015409
ERR1713365	ERP015409
ERR1713379	ERP015409
ERR1713380	ERP015409
ERR1713384	ERP015409
ERR1713386	ERP015409
ERR1713388	ERP015409
ERR1713394	ERP015409
ERR1713397	ERP015409
ERR1713408	ERP015409
ERR1725943	ERP015409
ERR1725946	ERP015409
ERR1725947	ERP015409
ERR1725950	ERP015409
ERR1725951	ERP015409
ERR1725971	ERP015409
ERR1725974	ERP015409
ERR1725975	ERP015409
ERR1725977	ERP015409
ERR1725982	ERP015409
ERR1725988	ERP015409
ERR1725989	ERP015409
ERR1725995	ERP015409
ERR1725999	ERP015409
ERR1726002	ERP015409
ERR1726003	ERP015409
ERR1726007	ERP015409
ERR1726008	ERP015409
ERR1726009	ERP015409
ERR1726017	ERP015409
ERR1726018	ERP015409
ERR1726020	ERP015409
ERR1726023	ERP015409
ERR1726030	ERP015409
ERR1726034	ERP015409
ERR9855084	ERP015409
ERR9855086	ERP015409
ERR9855089	ERP015409
ERR9855091	ERP015409
ERR9855095	ERP015409
ERR9855096	ERP015409
ERR1725940	ERP015409
ERR1725944	ERP015409
ERR1725954	ERP015409
ERR1725955	ERP015409
ERR1725959	ERP015409
ERR1725964	ERP015409
ERR1725966	ERP015409
ERR1725972	ERP015409
ERR1725976	ERP015409
ERR1725979	ERP015409
ERR1725981	ERP015409
ERR1725985	ERP015409
ERR1725986	ERP015409
ERR1725987	ERP015409
ERR1725993	ERP015409
ERR1725998	ERP015409
ERR1726006	ERP015409
ERR1726012	ERP015409
ERR1726013	ERP015409
ERR1726014	ERP015409
ERR1726021	ERP015409
ERR1726032	ERP015409
ERR2592246	ERP015409
ERR2592254	ERP015409
ERR2592255	ERP015409
ERR2592259	ERP015409
ERR2592266	ERP015409
ERR2592267	ERP015409
ERR2592328	ERP015409
ERR2592332	ERP015409
ERR2592341	ERP015409
ERR1713333	ERP015409
ERR1713334	ERP015409
ERR1713341	ERP015409
ERR1713344	ERP015409
ERR1713353	ERP015409
ERR1713356	ERP015409
ERR1713360	ERP015409
ERR1713364	ERP015409
ERR1713367	ERP015409
ERR1713371	ERP015409
ERR1713372	ERP015409
ERR1713373	ERP015409
ERR1713376	ERP015409
ERR1713381	ERP015409
ERR1713382	ERP015409
ERR1713393	ERP015409
ERR9855093	ERP015409
ERR9855097	ERP015409
ERR9855098	ERP015409
ERR1713332	ERP015409
ERR1713336	ERP015409
ERR1713337	ERP015409
ERR1713338	ERP015409
ERR1713339	ERP015409
ERR1713342	ERP015409
ERR1713350	ERP015409
ERR1713352	ERP015409
ERR1713355	ERP015409
ERR1713357	ERP015409
ERR1713359	ERP015409
ERR1713361	ERP015409
ERR1713369	ERP015409
ERR1713370	ERP015409
ERR1713375	ERP015409
ERR1713378	ERP015409
ERR1713385	ERP015409
ERR1713395	ERP015409
ERR1713399	ERP015409
ERR1713401	ERP015409
ERR1713404	ERP015409
ERR1713405	ERP015409
ERR1713409	ERP015409
ERR1725939	ERP015409
ERR1725941	ERP015409
ERR1725957	ERP015409
ERR1725965	ERP015409
ERR1725967	ERP015409
ERR1725973	ERP015409
ERR1725980	ERP015409
ERR1725984	ERP015409
ERR1725990	ERP015409
ERR1725994	ERP015409
ERR1725996	ERP015409
ERR1725997	ERP015409
ERR1726004	ERP015409
ERR1726005	ERP015409
ERR1726010	ERP015409
ERR1726011	ERP015409
ERR1726015	ERP015409
ERR1726025	ERP015409
ERR1726026	ERP015409
ERR1726027	ERP015409
ERR1726031	ERP015409
ERR2592245	ERP015409
ERR2592248	ERP015409
ERR2592252	ERP015409
ERR2592256	ERP015409
ERR2592261	ERP015409
ERR2592277	ERP015409
ERR2592281	ERP015409
ERR2592283	ERP015409
ERR2592337	ERP015409
ERR2592338	ERP015409
ERR9855085	ERP015409
ERR9855087	ERP015409
ERR9855088	ERP015409
ERR9855090	ERP015409
ERR1713331	ERP015409
ERR1713335	ERP015409
ERR1713340	ERP015409
ERR1713351	ERP015409
ERR1713362	ERP015409
ERR1713366	ERP015409
ERR1713368	ERP015409
ERR1713374	ERP015409
ERR1713387	ERP015409
ERR1713389	ERP015409
ERR1713390	ERP015409
ERR1713392	ERP015409
ERR1713396	ERP015409
ERR1713402	ERP015409
ERR1713406	ERP015409
ERR1713407	ERP015409
ERR1713410	ERP015409
ERR1725942	ERP015409
ERR1725948	ERP015409
ERR1725949	ERP015409
ERR1725952	ERP015409
ERR1725953	ERP015409
ERR1725958	ERP015409
ERR1725960	ERP015409
ERR1725961	ERP015409
ERR1725968	ERP015409
ERR1725969	ERP015409
ERR1725970	ERP015409
ERR1726001	ERP015409
ERR1726022	ERP015409
ERR1726028	ERP015409
ERR1726035	ERP015409
ERR2592247	ERP015409
ERR2592249	ERP015409
ERR2592250	ERP015409
ERR2592251	ERP015409
ERR2592253	ERP015409
ERR2592265	ERP015409
ERR2592272	ERP015409
ERR2592273	ERP015409
ERR2592276	ERP015409
ERR2592282	ERP015409
ERR2592342	ERP015409
ERR2683208	PRJEB27621
ERR2683259	PRJEB27621
ERR2683528	PRJEB27621
ERR2683149	PRJEB27621
ERR2683155	PRJEB27621
ERR2683161	PRJEB27621
ERR2683164	PRJEB27621
ERR2683166	PRJEB27621
ERR2683167	PRJEB27621
ERR2683168	PRJEB27621
ERR2683191	PRJEB27621
ERR2683196	PRJEB27621
ERR2683215	PRJEB27621
ERR2683232	PRJEB27621
ERR2683244	PRJEB27621
ERR2683246	PRJEB27621
ERR2683251	PRJEB27621
ERR2683256	PRJEB27621
ERR2683257	PRJEB27621
ERR2683274	PRJEB27621
ERR2683280	PRJEB27621
ERR2683139	PRJEB27621
ERR2683146	PRJEB27621
ERR2683181	PRJEB27621
ERR2683185	PRJEB27621
ERR2683265	PRJEB27621
ERR2683133	PRJEB27621
ERR2683165	PRJEB27621
ERR2683243	PRJEB27621
ERR2683260	PRJEB27621
ERR2683272	PRJEB27621
ERR9833719	PRJEB27621
ERR2683116	PRJEB27621
ERR2683121	PRJEB27621
ERR2683130	PRJEB27621
ERR2683137	PRJEB27621
ERR2683172	PRJEB27621
ERR2683182	PRJEB27621
ERR2683193	PRJEB27621
ERR2683197	PRJEB27621
ERR2683204	PRJEB27621
ERR2683207	PRJEB27621
ERR2683216	PRJEB27621
ERR2683218	PRJEB27621
ERR2683221	PRJEB27621
ERR2683229	PRJEB27621
ERR2683238	PRJEB27621
ERR2683258	PRJEB27621
ERR2683261	PRJEB27621
ERR2683264	PRJEB27621
ERR2683277	PRJEB27621
ERR2683533	PRJEB27621
ERR2683537	PRJEB27621
ERR2683147	PRJEB27621
ERR2683194	PRJEB27621
ERR2683236	PRJEB27621
ERR2683531	PRJEB27621
ERR2683535	PRJEB27621
ERR2683538	PRJEB27621
ERR2683125	PRJEB27621
ERR2683127	PRJEB27621
ERR2683132	PRJEB27621
ERR2683159	PRJEB27621
ERR2683202	PRJEB27621
ERR2683239	PRJEB27621
ERR2683252	PRJEB27621
ERR2683278	PRJEB27621
ERR2683529	PRJEB27621
ERR9834200	PRJEB27621
ERR2683128	PRJEB27621
ERR2683145	PRJEB27621
ERR2683152	PRJEB27621
ERR2683242	PRJEB27621
ERR2683245	PRJEB27621
ERR2683248	PRJEB27621
ERR2683269	PRJEB27621
ERR2683115	PRJEB27621
ERR2683153	PRJEB27621
ERR2683156	PRJEB27621
ERR2683183	PRJEB27621
ERR2683214	PRJEB27621
ERR2683226	PRJEB27621
ERR2683158	PRJEB27621
ERR2683275	PRJEB27621
ERR2683526	PRJEB27621
ERR2683536	PRJEB27621
ERR2683117	PRJEB27621
ERR2683122	PRJEB27621
ERR2683143	PRJEB27621
ERR2683171	PRJEB27621
ERR2683176	PRJEB27621
ERR2683206	PRJEB27621
ERR2683217	PRJEB27621
ERR2683219	PRJEB27621
ERR2683235	PRJEB27621
ERR2683237	PRJEB27621
ERR2683141	PRJEB27621
ERR2683142	PRJEB27621
ERR2683184	PRJEB27621
ERR2683189	PRJEB27621
ERR2683212	PRJEB27621
ERR2683213	PRJEB27621
ERR2683255	PRJEB27621
ERR2683262	PRJEB27621
ERR2683263	PRJEB27621
ERR2683266	PRJEB27621
ERR2683268	PRJEB27621
ERR2683120	PRJEB27621
ERR2683124	PRJEB27621
ERR2683126	PRJEB27621
ERR2683134	PRJEB27621
ERR2683148	PRJEB27621
ERR2683157	PRJEB27621
ERR2683163	PRJEB27621
ERR2683175	PRJEB27621
ERR2683186	PRJEB27621
ERR2683187	PRJEB27621
ERR2683188	PRJEB27621
ERR2683192	PRJEB27621
ERR2683195	PRJEB27621
ERR2683203	PRJEB27621
ERR2683205	PRJEB27621
ERR2683209	PRJEB27621
ERR2683211	PRJEB27621
ERR2683223	PRJEB27621
ERR2683227	PRJEB27621
ERR2683234	PRJEB27621
ERR2683249	PRJEB27621
ERR2683267	PRJEB27621
ERR2683270	PRJEB27621
ERR2683271	PRJEB27621
ERR2683276	PRJEB27621
ERR2683532	PRJEB27621
ERR2683119	PRJEB27621
ERR2683151	PRJEB27621
ERR2683154	PRJEB27621
ERR2683169	PRJEB27621
ERR2683170	PRJEB27621
ERR2683178	PRJEB27621
ERR2683180	PRJEB27621
ERR2683210	PRJEB27621
ERR2683228	PRJEB27621
ERR2683233	PRJEB27621
ERR2683240	PRJEB27621
ERR2683247	PRJEB27621
ERR2683250	PRJEB27621
ERR2683273	PRJEB27621
ERR2683527	PRJEB27621
ERR2683530	PRJEB27621
ERR2683118	PRJEB27621
ERR2683123	PRJEB27621
ERR2683136	PRJEB27621
ERR2683138	PRJEB27621
ERR2683150	PRJEB27621
ERR2683173	PRJEB27621
ERR2683174	PRJEB27621
ERR2683190	PRJEB27621
ERR2683198	PRJEB27621
ERR2683200	PRJEB27621
ERR2683201	PRJEB27621
ERR2683222	PRJEB27621
ERR2683225	PRJEB27621
ERR2683241	PRJEB27621
ERR2683253	PRJEB27621
ERR2683534	PRJEB27621
ERR2683160	PRJEB27621
ERR2683162	PRJEB27621
ERR2683129	PRJEB27621
ERR2683179	PRJEB27621
ERR2683199	PRJEB27621
ERR2683254	PRJEB27621
ERR2683114	PRJEB27621
ERR2683135	PRJEB27621
ERR2683140	PRJEB27621
ERR2683144	PRJEB27621
ERR2683177	PRJEB27621
ERR2683220	PRJEB27621
ERR2683224	PRJEB27621
ERR2683231	PRJEB27621
ERR2683279	PRJEB27621
ERR2683525	PRJEB27621
ERR2683131	PRJEB27621
ERR2683230	PRJEB27621
ERR4678561	PRJEB40798
ERR4678564	PRJEB40798
ERR4678566	PRJEB40798
ERR4678573	PRJEB40798
ERR4678574	PRJEB40798
ERR4678576	PRJEB40798
ERR4678577	PRJEB40798
ERR4678586	PRJEB40798
ERR4678590	PRJEB40798
ERR4678598	PRJEB40798
ERR4678599	PRJEB40798
ERR4678601	PRJEB40798
ERR4678603	PRJEB40798
ERR4678604	PRJEB40798
ERR4678605	PRJEB40798
ERR4678610	PRJEB40798
ERR4678612	PRJEB40798
ERR4678620	PRJEB40798
ERR4678622	PRJEB40798
ERR4678630	PRJEB40798
ERR4678632	PRJEB40798
ERR4678634	PRJEB40798
ERR4678635	PRJEB40798
ERR4678648	PRJEB40798
ERR4678649	PRJEB40798
ERR4678656	PRJEB40798
ERR4678658	PRJEB40798
ERR4678659	PRJEB40798
ERR4678670	PRJEB40798
ERR4678676	PRJEB40798
ERR4678677	PRJEB40798
ERR4678682	PRJEB40798
ERR4678694	PRJEB40798
ERR4678700	PRJEB40798
ERR4678579	PRJEB40798
ERR4678581	PRJEB40798
ERR4678597	PRJEB40798
ERR4678617	PRJEB40798
ERR4678619	PRJEB40798
ERR4678623	PRJEB40798
ERR4678625	PRJEB40798
ERR4678626	PRJEB40798
ERR4678627	PRJEB40798
ERR4678633	PRJEB40798
ERR4678636	PRJEB40798
ERR4678638	PRJEB40798
ERR4678639	PRJEB40798
ERR4678641	PRJEB40798
ERR4678643	PRJEB40798
ERR4678647	PRJEB40798
ERR4678653	PRJEB40798
ERR4678654	PRJEB40798
ERR4678662	PRJEB40798
ERR4678665	PRJEB40798
ERR4678668	PRJEB40798
ERR4678679	PRJEB40798
ERR4678683	PRJEB40798
ERR4678684	PRJEB40798
ERR4678688	PRJEB40798
ERR4678692	PRJEB40798
ERR4678696	PRJEB40798
ERR4678699	PRJEB40798
ERR4678703	PRJEB40798
ERR4678707	PRJEB40798
ERR4678562	PRJEB40798
ERR4678575	PRJEB40798
ERR4678580	PRJEB40798
ERR4678583	PRJEB40798
ERR4678584	PRJEB40798
ERR4678585	PRJEB40798
ERR4678592	PRJEB40798
ERR4678593	PRJEB40798
ERR4678607	PRJEB40798
ERR4678608	PRJEB40798
ERR4678609	PRJEB40798
ERR4678611	PRJEB40798
ERR4678631	PRJEB40798
ERR4678651	PRJEB40798
ERR4678655	PRJEB40798
ERR4678667	PRJEB40798
ERR4678669	PRJEB40798
ERR4678671	PRJEB40798
ERR4678675	PRJEB40798
ERR4678687	PRJEB40798
ERR4678689	PRJEB40798
ERR4678702	PRJEB40798
ERR4678705	PRJEB40798
ERR4678559	PRJEB40798
ERR4678569	PRJEB40798
ERR4678570	PRJEB40798
ERR4678578	PRJEB40798
ERR4678582	PRJEB40798
ERR4678587	PRJEB40798
ERR4678588	PRJEB40798
ERR4678591	PRJEB40798
ERR4678595	PRJEB40798
ERR4678596	PRJEB40798
ERR4678602	PRJEB40798
ERR4678614	PRJEB40798
ERR4678615	PRJEB40798
ERR4678616	PRJEB40798
ERR4678618	PRJEB40798
ERR4678629	PRJEB40798
ERR4678642	PRJEB40798
ERR4678663	PRJEB40798
ERR4678664	PRJEB40798
ERR4678666	PRJEB40798
ERR4678678	PRJEB40798
ERR4678680	PRJEB40798
ERR4678681	PRJEB40798
ERR4678685	PRJEB40798
ERR4678697	PRJEB40798
ERR4678698	PRJEB40798
ERR4678701	PRJEB40798
ERR4678706	PRJEB40798
ERR4678558	PRJEB40798
ERR4678560	PRJEB40798
ERR4678563	PRJEB40798
ERR4678565	PRJEB40798
ERR4678567	PRJEB40798
ERR4678568	PRJEB40798
ERR4678571	PRJEB40798
ERR4678572	PRJEB40798
ERR4678589	PRJEB40798
ERR4678594	PRJEB40798
ERR4678600	PRJEB40798
ERR4678606	PRJEB40798
ERR4678613	PRJEB40798
ERR4678621	PRJEB40798
ERR4678624	PRJEB40798
ERR4678628	PRJEB40798
ERR4678637	PRJEB40798
ERR4678640	PRJEB40798
ERR4678644	PRJEB40798
ERR4678645	PRJEB40798
ERR4678646	PRJEB40798
ERR4678650	PRJEB40798
ERR4678652	PRJEB40798
ERR4678657	PRJEB40798
ERR4678660	PRJEB40798
ERR4678661	PRJEB40798
ERR4678672	PRJEB40798
ERR4678673	PRJEB40798
ERR4678674	PRJEB40798
ERR4678686	PRJEB40798
ERR4678690	PRJEB40798
ERR4678691	PRJEB40798
ERR4678693	PRJEB40798
ERR4678695	PRJEB40798
ERR4678704	PRJEB40798
ERR4682329	PRJEB40815
ERR4682331	PRJEB40815
ERR4682332	PRJEB40815
ERR4682333	PRJEB40815
ERR4682336	PRJEB40815
ERR4682339	PRJEB40815
ERR4682341	PRJEB40815
ERR4682344	PRJEB40815
ERR4682352	PRJEB40815
ERR4682353	PRJEB40815
ERR4682357	PRJEB40815
ERR4682364	PRJEB40815
ERR4682368	PRJEB40815
ERR4682371	PRJEB40815
ERR4682377	PRJEB40815
ERR4682378	PRJEB40815
ERR4682390	PRJEB40815
ERR4682394	PRJEB40815
ERR4682400	PRJEB40815
ERR4682404	PRJEB40815
ERR4682418	PRJEB40815
ERR4682426	PRJEB40815
ERR4682430	PRJEB40815
ERR4682439	PRJEB40815
ERR4682440	PRJEB40815
ERR4682442	PRJEB40815
ERR4682443	PRJEB40815
ERR4682445	PRJEB40815
ERR4682456	PRJEB40815
ERR4682467	PRJEB40815
ERR4682474	PRJEB40815
ERR4682476	PRJEB40815
ERR4682330	PRJEB40815
ERR4682340	PRJEB40815
ERR4682342	PRJEB40815
ERR4682345	PRJEB40815
ERR4682346	PRJEB40815
ERR4682350	PRJEB40815
ERR4682354	PRJEB40815
ERR4682355	PRJEB40815
ERR4682359	PRJEB40815
ERR4682375	PRJEB40815
ERR4682381	PRJEB40815
ERR4682385	PRJEB40815
ERR4682386	PRJEB40815
ERR4682402	PRJEB40815
ERR4682410	PRJEB40815
ERR4682412	PRJEB40815
ERR4682419	PRJEB40815
ERR4682421	PRJEB40815
ERR4682424	PRJEB40815
ERR4682428	PRJEB40815
ERR4682429	PRJEB40815
ERR4682433	PRJEB40815
ERR4682434	PRJEB40815
ERR4682444	PRJEB40815
ERR4682453	PRJEB40815
ERR4682466	PRJEB40815
ERR4682470	PRJEB40815
ERR4682473	PRJEB40815
ERR4682475	PRJEB40815
ERR4682343	PRJEB40815
ERR4682349	PRJEB40815
ERR4682356	PRJEB40815
ERR4682362	PRJEB40815
ERR4682372	PRJEB40815
ERR4682374	PRJEB40815
ERR4682380	PRJEB40815
ERR4682384	PRJEB40815
ERR4682388	PRJEB40815
ERR4682392	PRJEB40815
ERR4682395	PRJEB40815
ERR4682396	PRJEB40815
ERR4682403	PRJEB40815
ERR4682405	PRJEB40815
ERR4682409	PRJEB40815
ERR4682420	PRJEB40815
ERR4682435	PRJEB40815
ERR4682436	PRJEB40815
ERR4682437	PRJEB40815
ERR4682449	PRJEB40815
ERR4682451	PRJEB40815
ERR4682452	PRJEB40815
ERR4682460	PRJEB40815
ERR4682469	PRJEB40815
ERR4682334	PRJEB40815
ERR4682338	PRJEB40815
ERR4682361	PRJEB40815
ERR4682366	PRJEB40815
ERR4682369	PRJEB40815
ERR4682370	PRJEB40815
ERR4682373	PRJEB40815
ERR4682376	PRJEB40815
ERR4682379	PRJEB40815
ERR4682383	PRJEB40815
ERR4682387	PRJEB40815
ERR4682391	PRJEB40815
ERR4682393	PRJEB40815
ERR4682397	PRJEB40815
ERR4682398	PRJEB40815
ERR4682401	PRJEB40815
ERR4682406	PRJEB40815
ERR4682414	PRJEB40815
ERR4682415	PRJEB40815
ERR4682422	PRJEB40815
ERR4682423	PRJEB40815
ERR4682425	PRJEB40815
ERR4682438	PRJEB40815
ERR4682446	PRJEB40815
ERR4682447	PRJEB40815
ERR4682448	PRJEB40815
ERR4682455	PRJEB40815
ERR4682457	PRJEB40815
ERR4682471	PRJEB40815
ERR4682472	PRJEB40815
ERR4682335	PRJEB40815
ERR4682337	PRJEB40815
ERR4682347	PRJEB40815
ERR4682348	PRJEB40815
ERR4682351	PRJEB40815
ERR4682358	PRJEB40815
ERR4682360	PRJEB40815
ERR4682363	PRJEB40815
ERR4682365	PRJEB40815
ERR4682367	PRJEB40815
ERR4682382	PRJEB40815
ERR4682389	PRJEB40815
ERR4682399	PRJEB40815
ERR4682407	PRJEB40815
ERR4682408	PRJEB40815
ERR4682411	PRJEB40815
ERR4682413	PRJEB40815
ERR4682416	PRJEB40815
ERR4682417	PRJEB40815
ERR4682427	PRJEB40815
ERR4682431	PRJEB40815
ERR4682432	PRJEB40815
ERR4682441	PRJEB40815
ERR4682450	PRJEB40815
ERR4682454	PRJEB40815
ERR4682458	PRJEB40815
ERR4682459	PRJEB40815
ERR4682461	PRJEB40815
ERR4682462	PRJEB40815
ERR4682463	PRJEB40815
ERR4682464	PRJEB40815
ERR4682465	PRJEB40815
ERR4682468	PRJEB40815
ERR4682774	PRJEB40816
ERR4682798	PRJEB40816
ERR4682801	PRJEB40816
ERR4682806	PRJEB40816
ERR4682812	PRJEB40816
ERR4682816	PRJEB40816
ERR4682818	PRJEB40816
ERR4682825	PRJEB40816
ERR4682828	PRJEB40816
ERR4682829	PRJEB40816
ERR4682836	PRJEB40816
ERR4682841	PRJEB40816
ERR4682844	PRJEB40816
ERR4682847	PRJEB40816
ERR4682852	PRJEB40816
ERR4682863	PRJEB40816
ERR4682879	PRJEB40816
ERR4682882	PRJEB40816
ERR4682885	PRJEB40816
ERR4682891	PRJEB40816
ERR4682896	PRJEB40816
ERR4682899	PRJEB40816
ERR4682900	PRJEB40816
ERR4682775	PRJEB40816
ERR4682780	PRJEB40816
ERR4682782	PRJEB40816
ERR4682783	PRJEB40816
ERR4682789	PRJEB40816
ERR4682790	PRJEB40816
ERR4682807	PRJEB40816
ERR4682810	PRJEB40816
ERR4682831	PRJEB40816
ERR4682832	PRJEB40816
ERR4682840	PRJEB40816
ERR4682856	PRJEB40816
ERR4682866	PRJEB40816
ERR4682870	PRJEB40816
ERR4682872	PRJEB40816
ERR4682875	PRJEB40816
ERR4682880	PRJEB40816
ERR4682887	PRJEB40816
ERR4682903	PRJEB40816
ERR4682913	PRJEB40816
ERR4682776	PRJEB40816
ERR4682777	PRJEB40816
ERR4682787	PRJEB40816
ERR4682788	PRJEB40816
ERR4682791	PRJEB40816
ERR4682794	PRJEB40816
ERR4682796	PRJEB40816
ERR4682797	PRJEB40816
ERR4682802	PRJEB40816
ERR4682803	PRJEB40816
ERR4682804	PRJEB40816
ERR4682813	PRJEB40816
ERR4682817	PRJEB40816
ERR4682819	PRJEB40816
ERR4682823	PRJEB40816
ERR4682827	PRJEB40816
ERR4682834	PRJEB40816
ERR4682837	PRJEB40816
ERR4682838	PRJEB40816
ERR4682842	PRJEB40816
ERR4682849	PRJEB40816
ERR4682850	PRJEB40816
ERR4682858	PRJEB40816
ERR4682859	PRJEB40816
ERR4682860	PRJEB40816
ERR4682861	PRJEB40816
ERR4682864	PRJEB40816
ERR4682865	PRJEB40816
ERR4682874	PRJEB40816
ERR4682877	PRJEB40816
ERR4682889	PRJEB40816
ERR4682893	PRJEB40816
ERR4682895	PRJEB40816
ERR4682898	PRJEB40816
ERR4682901	PRJEB40816
ERR4682907	PRJEB40816
ERR4682909	PRJEB40816
ERR4682911	PRJEB40816
ERR4682772	PRJEB40816
ERR4682779	PRJEB40816
ERR4682809	PRJEB40816
ERR4682814	PRJEB40816
ERR4682833	PRJEB40816
ERR4682845	PRJEB40816
ERR4682848	PRJEB40816
ERR4682853	PRJEB40816
ERR4682868	PRJEB40816
ERR4682871	PRJEB40816
ERR4682876	PRJEB40816
ERR4682884	PRJEB40816
ERR4682888	PRJEB40816
ERR4682894	PRJEB40816
ERR4682897	PRJEB40816
ERR4682906	PRJEB40816
ERR4682908	PRJEB40816
ERR4682773	PRJEB40816
ERR4682778	PRJEB40816
ERR4682781	PRJEB40816
ERR4682784	PRJEB40816
ERR4682785	PRJEB40816
ERR4682786	PRJEB40816
ERR4682792	PRJEB40816
ERR4682793	PRJEB40816
ERR4682795	PRJEB40816
ERR4682799	PRJEB40816
ERR4682800	PRJEB40816
ERR4682805	PRJEB40816
ERR4682808	PRJEB40816
ERR4682811	PRJEB40816
ERR4682815	PRJEB40816
ERR4682820	PRJEB40816
ERR4682821	PRJEB40816
ERR4682822	PRJEB40816
ERR4682824	PRJEB40816
ERR4682826	PRJEB40816
ERR4682830	PRJEB40816
ERR4682835	PRJEB40816
ERR4682839	PRJEB40816
ERR4682843	PRJEB40816
ERR4682846	PRJEB40816
ERR4682851	PRJEB40816
ERR4682854	PRJEB40816
ERR4682855	PRJEB40816
ERR4682857	PRJEB40816
ERR4682862	PRJEB40816
ERR4682867	PRJEB40816
ERR4682869	PRJEB40816
ERR4682873	PRJEB40816
ERR4682878	PRJEB40816
ERR4682881	PRJEB40816
ERR4682883	PRJEB40816
ERR4682886	PRJEB40816
ERR4682890	PRJEB40816
ERR4682892	PRJEB40816
ERR4682902	PRJEB40816
ERR4682904	PRJEB40816
ERR4682905	PRJEB40816
ERR4682910	PRJEB40816
ERR4682912	PRJEB40816
ERR8977350	PRJEB51229
ERR8977352	PRJEB51229
ERR8977354	PRJEB51229
ERR8977356	PRJEB51229
ERR8977363	PRJEB51229
ERR8977364	PRJEB51229
ERR8977376	PRJEB51229
ERR8977388	PRJEB51229
ERR8977389	PRJEB51229
ERR8977390	PRJEB51229
ERR8977397	PRJEB51229
ERR8977399	PRJEB51229
ERR8977411	PRJEB51229
ERR8977413	PRJEB51229
ERR8977423	PRJEB51229
ERR8977426	PRJEB51229
ERR8977427	PRJEB51229
ERR8977341	PRJEB51229
ERR8977345	PRJEB51229
ERR8977346	PRJEB51229
ERR8977347	PRJEB51229
ERR8977348	PRJEB51229
ERR8977349	PRJEB51229
ERR8977353	PRJEB51229
ERR8977367	PRJEB51229
ERR8977368	PRJEB51229
ERR8977369	PRJEB51229
ERR8977380	PRJEB51229
ERR8977383	PRJEB51229
ERR8977387	PRJEB51229
ERR8977393	PRJEB51229
ERR8977398	PRJEB51229
ERR8977408	PRJEB51229
ERR8977409	PRJEB51229
ERR8977416	PRJEB51229
ERR8977417	PRJEB51229
ERR8977429	PRJEB51229
ERR8977344	PRJEB51229
ERR8977351	PRJEB51229
ERR8977357	PRJEB51229
ERR8977358	PRJEB51229
ERR8977362	PRJEB51229
ERR8977373	PRJEB51229
ERR8977374	PRJEB51229
ERR8977379	PRJEB51229
ERR8977391	PRJEB51229
ERR8977394	PRJEB51229
ERR8977403	PRJEB51229
ERR8977406	PRJEB51229
ERR8977407	PRJEB51229
ERR8977415	PRJEB51229
ERR8977418	PRJEB51229
ERR8977420	PRJEB51229
ERR8977421	PRJEB51229
ERR8977430	PRJEB51229
ERR8977431	PRJEB51229
ERR8977432	PRJEB51229
ERR8977343	PRJEB51229
ERR8977355	PRJEB51229
ERR8977360	PRJEB51229
ERR8977361	PRJEB51229
ERR8977365	PRJEB51229
ERR8977366	PRJEB51229
ERR8977371	PRJEB51229
ERR8977375	PRJEB51229
ERR8977377	PRJEB51229
ERR8977381	PRJEB51229
ERR8977382	PRJEB51229
ERR8977385	PRJEB51229
ERR8977396	PRJEB51229
ERR8977404	PRJEB51229
ERR8977405	PRJEB51229
ERR8977410	PRJEB51229
ERR8977422	PRJEB51229
ERR8977342	PRJEB51229
ERR8977359	PRJEB51229
ERR8977370	PRJEB51229
ERR8977372	PRJEB51229
ERR8977378	PRJEB51229
ERR8977384	PRJEB51229
ERR8977386	PRJEB51229
ERR8977392	PRJEB51229
ERR8977395	PRJEB51229
ERR8977400	PRJEB51229
ERR8977401	PRJEB51229
ERR8977402	PRJEB51229
ERR8977412	PRJEB51229
ERR8977414	PRJEB51229
ERR8977419	PRJEB51229
ERR8977424	PRJEB51229
ERR8977425	PRJEB51229
ERR8977428	PRJEB51229
ERR8977433	PRJEB51229
